[{"key": "Gly", "weight": 75.0669},
 {"key": "Ala", "weight": 89.0935},
 {"key": "Ser", "weight": 105.093},
 {"key": "Pro", "weight": 115.131},
 {"key": "Val", "weight": 117.1469}, 
 {"key": "Thr",  "weight": 119.1197},
 {"key": "Cys",  "weight": 121.159},
 {"key": "Ile",  "weight": 131.1736},
 {"key": "Leu",  "weight": 131.1736},
 {"key": "Asn",  "weight": 132.1184},
 {"key": "Asp", "weight": 133.1032}, 
 {"key": "Gln", "weight": 146.1451},
 {"key": "Lys",  "weight": 146.1882},
 {"key": "Glu",  "weight": 147.1299},
 {"key": "Met",  "weight": 149.2124},
 {"key": "His",  "weight": 155.1552},
 {"key": "Phe",  "weight": 165.19},
 {"key": "Arg", "weight": 174.2017},
 {"key": "Tyr", "weight": 181.1894},
 {"key": "Trp",  "weight": 204.2262}]